indicator,country,countryiso3code,timestamp,FDI_net_inflows_BOP_current_USD
"Foreign direct investment, net inflows (BoP, current US$)",United States,USA,2022-01-01 00:00:00,388078000000
"Foreign direct investment, net inflows (BoP, current US$)",United States,USA,2021-01-01 00:00:00,493085000000
"Foreign direct investment, net inflows (BoP, current US$)",United States,USA,2020-01-01 00:00:00,138363000000
"Foreign direct investment, net inflows (BoP, current US$)",United States,USA,2019-01-01 00:00:00,315984000000
"Foreign direct investment, net inflows (BoP, current US$)",United States,USA,2018-01-01 00:00:00,214715000000
"Foreign direct investment, net inflows (BoP, current US$)",United States,USA,2017-01-01 00:00:00,380823000000
"Foreign direct investment, net inflows (BoP, current US$)",United States,USA,2016-01-01 00:00:00,474388000000
"Foreign direct investment, net inflows (BoP, current US$)",United States,USA,2015-01-01 00:00:00,511434000000
