indicator_id,indicator_value,country_id,country_value,countryiso3code,timestamp,value,unit,obs_status,decimal
FP.CPI.TOTL.ZG,"Inflation, consumer prices (annual %)",US,United States,USA,2022-01-01 00:00:00,8.00279982052121,,,1
FP.CPI.TOTL.ZG,"Inflation, consumer prices (annual %)",US,United States,USA,2021-01-01 00:00:00,4.69785886363742,,,1
FP.CPI.TOTL.ZG,"Inflation, consumer prices (annual %)",US,United States,USA,2020-01-01 00:00:00,1.23358439630629,,,1
FP.CPI.TOTL.ZG,"Inflation, consumer prices (annual %)",US,United States,USA,2019-01-01 00:00:00,1.81221007526021,,,1
FP.CPI.TOTL.ZG,"Inflation, consumer prices (annual %)",US,United States,USA,2018-01-01 00:00:00,2.44258329692817,,,1
FP.CPI.TOTL.ZG,"Inflation, consumer prices (annual %)",US,United States,USA,2017-01-01 00:00:00,2.13011000365961,,,1
FP.CPI.TOTL.ZG,"Inflation, consumer prices (annual %)",US,United States,USA,2016-01-01 00:00:00,1.26158320570536,,,1
FP.CPI.TOTL.ZG,"Inflation, consumer prices (annual %)",US,United States,USA,2015-01-01 00:00:00,0.118627135552451,,,1
