timestamp,countryiso3code,value,unit,obs_status,decimal,indicator_value,country_value
2022-01-01 00:00:00,USA,,,,1,"Tariff rate, applied, simple mean, all products (%)",United States
2021-01-01 00:00:00,USA,,,,1,"Tariff rate, applied, simple mean, all products (%)",United States
2020-01-01 00:00:00,USA,2.87,,,1,"Tariff rate, applied, simple mean, all products (%)",United States
2019-01-01 00:00:00,USA,8.7,,,1,"Tariff rate, applied, simple mean, all products (%)",United States
2018-01-01 00:00:00,USA,3.25,,,1,"Tariff rate, applied, simple mean, all products (%)",United States
2017-01-01 00:00:00,USA,3.36,,,1,"Tariff rate, applied, simple mean, all products (%)",United States
2016-01-01 00:00:00,USA,2.76,,,1,"Tariff rate, applied, simple mean, all products (%)",United States
2015-01-01 00:00:00,USA,2.8,,,1,"Tariff rate, applied, simple mean, all products (%)",United States
