timestamp,countryiso3code,value,unit,obs_status,decimal,indicator_value,country_value
2022-01-01 00:00:00,USA,115.696631642669,,,1,"Central government debt, total (% of GDP)",United States
2021-01-01 00:00:00,USA,120.36147560281,,,1,"Central government debt, total (% of GDP)",United States
2020-01-01 00:00:00,USA,126.243300547564,,,1,"Central government debt, total (% of GDP)",United States
2019-01-01 00:00:00,USA,100.805042202199,,,1,"Central government debt, total (% of GDP)",United States
2018-01-01 00:00:00,USA,99.0609761173397,,,1,"Central government debt, total (% of GDP)",United States
2017-01-01 00:00:00,USA,97.6929363628875,,,1,"Central government debt, total (% of GDP)",United States
2016-01-01 00:00:00,USA,98.5041017174837,,,1,"Central government debt, total (% of GDP)",United States
2015-01-01 00:00:00,USA,96.4252279492666,,,1,"Central government debt, total (% of GDP)",United States
