timestamp,value,indicator_value,country_value
2022-01-01 00:00:00,6.38860521153944,Trade in services (% of GDP),United States
2021-01-01 00:00:00,5.83463564064992,Trade in services (% of GDP),United States
2020-01-01 00:00:00,5.66272640356884,Trade in services (% of GDP),United States
2019-01-01 00:00:00,6.94307402869608,Trade in services (% of GDP),United States
2018-01-01 00:00:00,6.96896705764185,Trade in services (% of GDP),United States
2017-01-01 00:00:00,7.14954530100521,Trade in services (% of GDP),United States
2016-01-01 00:00:00,6.9350752234497,Trade in services (% of GDP),United States
2015-01-01 00:00:00,6.96315256383899,Trade in services (% of GDP),United States
