timestamp,value,indicator_value,country_value
2022-01-01 00:00:00,-971119000000,External balance on goods and services (current US$),United States
2021-01-01 00:00:00,-858239000000,External balance on goods and services (current US$),United States
2020-01-01 00:00:00,-626391000000,External balance on goods and services (current US$),United States
2019-01-01 00:00:00,-578504000000,External balance on goods and services (current US$),United States
2018-01-01 00:00:00,-593077000000,External balance on goods and services (current US$),United States
2017-01-01 00:00:00,-543329000000,External balance on goods and services (current US$),United States
2016-01-01 00:00:00,-503272000000,External balance on goods and services (current US$),United States
2015-01-01 00:00:00,-524320000000,External balance on goods and services (current US$),United States
