indicator,country,timestamp,personal_remittances_received_prcnt_of_gdp
"Personal remittances, received (% of GDP)",United States,2022-01-01 00:00:00,0.0292102501208741
"Personal remittances, received (% of GDP)",United States,2021-01-01 00:00:00,0.0306711357123443
"Personal remittances, received (% of GDP)",United States,2020-01-01 00:00:00,0.0324161750844288
"Personal remittances, received (% of GDP)",United States,2019-01-01 00:00:00,0.0329685602788545
"Personal remittances, received (% of GDP)",United States,2018-01-01 00:00:00,0.0338040258424814
"Personal remittances, received (% of GDP)",United States,2017-01-01 00:00:00,0.0325865910055647
"Personal remittances, received (% of GDP)",United States,2016-01-01 00:00:00,0.0338591199244413
"Personal remittances, received (% of GDP)",United States,2015-01-01 00:00:00,0.0361309046802651
