timestamp,countryiso3code,value,unit,obs_status,decimal,indicator_value,country_value
2022-01-01 00:00:00,USA,-19.4428242324042,,,1,S&P Global Equity Indices (annual % change),United States
2021-01-01 00:00:00,USA,26.8927362908572,,,1,S&P Global Equity Indices (annual % change),United States
2020-01-01 00:00:00,USA,16.2589219940695,,,1,S&P Global Equity Indices (annual % change),United States
2019-01-01 00:00:00,USA,28.8780690388134,,,1,S&P Global Equity Indices (annual % change),United States
2018-01-01 00:00:00,USA,-6.2372598219685,,,1,S&P Global Equity Indices (annual % change),United States
2017-01-01 00:00:00,USA,19.4199648923768,,,1,S&P Global Equity Indices (annual % change),United States
2016-01-01 00:00:00,USA,9.53501570496198,,,1,S&P Global Equity Indices (annual % change),United States
2015-01-01 00:00:00,USA,-0.726601583369757,,,1,S&P Global Equity Indices (annual % change),United States
